{
   "id": "68f5e41ce1aa818f61e31013",
   "name": "MobileNetV2-ATSS OpenVINO FP16",
   "version": 9,
   "creation_date": "2025-10-20T07:26:20.343000+00:00",
   "model_format": "OpenVINO",
   "precision": [
      "FP16"
   ],
   "has_xai_head": false,
   "target_device": "CPU",
   "target_device_type": null,
   "performance": {
      "score": 0.8666666666666665
   },
   "size": 5743912,
   "latency": 0,
   "fps_throughput": 0,
   "optimization_type": "MO",
   "optimization_objectives": {},
   "model_status": "SUCCESS",
   "configurations": [],
   "lifecycle_stage": "active",
   "previous_revision_id": "68f5e41ce1aa818f61e31010",
   "previous_trained_revision_id": "68f5e41ce1aa818f61e31010",
   "optimization_methods": []
}